[
  {
    "id": 0,
    "date": "Project Duration  12/2/22",
    "title": "Ecommerce Website Design Tutorial",
    "image": "/image/ec.png",
    "description": "Lorem Ipsum is simply dummy text of the printing and typesetting industry. Lorem Ipsum has been the industry's standard dummy text ever since the 1500s, when an unknown printer took a galley of type and scrambled it to make a type specimen book. It has survived not only five centuries, but also the leap into electronic typesetting, remaining essentially unchanged. It was popularised in the 1960s "
  },
  {
    "id": 1,
    "date": "Project Duration  12/2/22",
    "title": "Ecommerce Website Design Tutorial",
    "image": "/image/yt.png",
    "description": "Lorem Ipsum is simply dummy text of the printing and typesetting industry. Lorem Ipsum has been the industry's standard dummy text ever since the 1500s, when an unknown printer took a galley of type and scrambled it to make a type specimen book. It has survived not only five centuries, but also the leap into electronic typesetting, remaining essentially unchanged. It was popularised in the 1960s "
  },
  {
    "id": 2,
    "date": "Project Duration  12/2/22",
    "title": "Ecommerce Website Design Tutorial",
    "image": "/image/yt.png",
    "description": "Lorem Ipsum is simply dummy text of the printing and typesetting industry. Lorem Ipsum has been the industry's standard dummy text ever since the 1500s, when an unknown printer took a galley of type and scrambled it to make a type specimen book. It has survived not only five centuries, but also the leap into electronic typesetting, remaining essentially unchanged. It was popularised in the 1960s "
  },
  {
    "id": 3,
    "date": "Project Duration  12/2/22",
    "title": "Ecommerce Website Design Tutorial",
    "image": "/image/yt.png",
    "description": "Lorem Ipsum is simply dummy text of the printing and typesetting industry. Lorem Ipsum has been the industry's standard dummy text ever since the 1500s, when an unknown printer took a galley of type and scrambled it to make a type specimen book. It has survived not only five centuries, but also the leap into electronic typesetting, remaining essentially unchanged. It was popularised in the 1960s "
  },
  {
    "id": 4,
    "date": "Project Duration  12/2/22",
    "title": "Ecommerce Website Design Tutorial",
    "image": "/image/yt.png",
    "description": "Lorem Ipsum is simply dummy text of the printing and typesetting industry. Lorem Ipsum has been the industry's standard dummy text ever since the 1500s, when an unknown printer took a galley of type and scrambled it to make a type specimen book. It has survived not only five centuries, but also the leap into electronic typesetting, remaining essentially unchanged. It was popularised in the 1960s "
  },
  {
    "id": 5,
    "date": "Project Duration  12/2/22",
    "title": "Ecommerce Website Design Tutorial",
    "image": "/image/yt.png",
    "description": "Lorem Ipsum is simply dummy text of the printing and typesetting industry. Lorem Ipsum has been the industry's standard dummy text ever since the 1500s, when an unknown printer took a galley of type and scrambled it to make a type specimen book. It has survived not only five centuries, but also the leap into electronic typesetting, remaining essentially unchanged. It was popularised in the 1960s "
  }
]
